"13144","1679","plant","2020-12-17 10:47:51",,"1000"
"13145","1679","plant","2020-12-17 10:47:51",,"1000"
"13146","1679","plant","2020-12-17 10:47:51",,"1000"
"13147","1679","plant","2020-12-17 10:47:51",,"1000"
"13148","1679","plant","2020-12-17 10:47:51",,"1000"
"13149","1679","plant","2020-12-17 10:47:51",,"1000"
"13150","1679","plant","2020-12-17 10:47:51",,"1000"
"13151","1679","plant","2020-12-17 10:47:51",,"1000"
"13152","1679","plant","2020-12-17 10:47:51",,"1000"
"13153","1679","plant","2020-12-17 10:47:51",,"1000"
"13154","1679","plant","2020-12-17 10:47:51",,"1000"
"13155","1679","plant","2020-12-17 10:47:51",,"1000"
"13156","1679","plant","2020-12-17 10:47:51",,"1000"
"13210","1679","plant","2020-12-17 10:47:51",,"1000"
"13211","1679","plant","2020-12-17 10:47:51",,"1000"
"13212","1679","plant","2020-12-17 10:47:51",,"1000"
"13213","1679","plant","2020-12-17 10:47:51",,"1000"
"13214","1679","plant","2020-12-17 10:47:51",,"1000"
"13215","1679","plant","2020-12-17 10:47:51",,"1000"
"13216","1679","plant","2020-12-17 10:47:51",,"1000"
"13217","1679","plant","2020-12-17 10:47:51",,"1000"
"13218","1679","plant","2020-12-17 10:47:51",,"1000"
"13219","1679","plant","2020-12-17 10:47:51",,"1000"
"13220","1679","plant","2020-12-17 10:47:51",,"1000"
"13221","1679","plant","2020-12-17 10:47:51",,"1000"
"13222","1679","plant","2020-12-17 10:47:51",,"1000"
"13278","1679","plant","2020-12-17 10:47:51",,"1000"
"13279","1679","plant","2020-12-17 10:47:51",,"1000"
"13280","1679","plant","2020-12-17 10:47:51",,"1000"
"13281","1679","plant","2020-12-17 10:47:51",,"1000"
"13282","1679","plant","2020-12-17 10:47:51",,"1000"
"13283","1679","plant","2020-12-17 10:47:51",,"1000"
"13284","1679","plant","2020-12-17 10:47:51",,"1000"
"13285","1679","plant","2020-12-17 10:47:51",,"1000"
"13286","1679","plant","2020-12-17 10:47:51",,"1000"
"13287","1679","plant","2020-12-17 10:47:51",,"1000"
"13288","1679","plant","2020-12-17 10:47:51",,"1000"
"13289","1679","plant","2020-12-17 10:47:51",,"1000"
"13290","1679","plant","2020-12-17 10:47:51",,"1000"
"13344","1679","plant","2020-12-17 10:47:51",,"1000"
"13345","1679","plant","2020-12-17 10:47:51",,"1000"
"13346","1679","plant","2020-12-17 10:47:51",,"1000"
"13347","1679","plant","2020-12-17 10:47:51",,"1000"
"13348","1679","plant","2020-12-17 10:47:51",,"1000"
"13349","1679","plant","2020-12-17 10:47:51",,"1000"
"13350","1679","plant","2020-12-17 10:47:51",,"1000"
"13351","1679","plant","2020-12-17 10:47:51",,"1000"
"13352","1679","plant","2020-12-17 10:47:51",,"1000"
"13353","1679","plant","2020-12-17 10:47:51",,"1000"
"13354","1679","plant","2020-12-17 10:47:51",,"1000"
"13355","1679","plant","2020-12-17 10:47:51",,"1000"
"13356","1679","plant","2020-12-17 10:47:51",,"1000"
"13412","1679","plant","2020-12-17 10:47:51",,"1000"
"13413","1679","plant","2020-12-17 10:47:51",,"1000"
"13414","1679","plant","2020-12-17 10:47:51",,"1000"
"13415","1679","plant","2020-12-17 10:47:51",,"1000"
"13416","1679","plant","2020-12-17 10:47:51",,"1000"
"13417","1679","plant","2020-12-17 10:47:51",,"1000"
"13418","1679","plant","2020-12-17 10:47:51",,"1000"
"13419","1679","plant","2020-12-17 10:47:51",,"1000"
"13420","1679","plant","2020-12-17 10:47:51",,"1000"
"13421","1679","plant","2020-12-17 10:47:51",,"1000"
"13422","1679","plant","2020-12-17 10:47:51",,"1000"
"13423","1679","plant","2020-12-17 10:47:51",,"1000"
"13424","1679","plant","2020-12-17 10:47:51",,"1000"
"13478","1679","plant","2020-12-17 10:47:51",,"1000"
"13479","1679","plant","2020-12-17 10:47:51",,"1000"
"13480","1679","plant","2020-12-17 10:47:51",,"1000"
"13481","1679","plant","2020-12-17 10:47:51",,"1000"
"13482","1679","plant","2020-12-17 10:47:51",,"1000"
"13483","1679","plant","2020-12-17 10:47:51",,"1000"
"13484","1679","plant","2020-12-17 10:47:51",,"1000"
"13485","1679","plant","2020-12-17 10:47:51",,"1000"
"13486","1679","plant","2020-12-17 10:47:51",,"1000"
"13487","1679","plant","2020-12-17 10:47:51",,"1000"
"13488","1679","plant","2020-12-17 10:47:51",,"1000"
"13489","1679","plant","2020-12-17 10:47:51",,"1000"
"13490","1679","plant","2020-12-17 10:47:51",,"1000"
"13550","1679","plant","2020-12-17 10:47:51",,"1000"
"13551","1679","plant","2020-12-17 10:47:51",,"1000"
"13552","1679","plant","2020-12-17 10:47:51",,"1000"
"13553","1679","plant","2020-12-17 10:47:51",,"1000"
"13554","1679","plant","2020-12-17 10:47:51",,"1000"
"13555","1679","plant","2020-12-17 10:47:51",,"1000"
"13556","1679","plant","2020-12-17 10:47:51",,"1000"
"13557","1679","plant","2020-12-17 10:47:51",,"1000"
"13558","1679","plant","2020-12-17 10:47:51",,"1000"
"13559","1679","plant","2020-12-17 10:47:51",,"1000"
"13560","1679","plant","2020-12-17 10:47:51",,"1000"
"13561","1679","plant","2020-12-17 10:47:51",,"1000"
"13562","1679","plant","2020-12-17 10:47:51",,"1000"
"13620","1679","plant","2020-12-17 10:47:51",,"1000"
"13621","1679","plant","2020-12-17 10:47:51",,"1000"
"13622","1679","plant","2020-12-17 10:47:51",,"1000"
"13623","1679","plant","2020-12-17 10:47:51",,"1000"
"13624","1679","plant","2020-12-17 10:47:51",,"1000"
"13625","1679","plant","2020-12-17 10:47:51",,"1000"
"13626","1679","plant","2020-12-17 10:47:51",,"1000"
"13627","1679","plant","2020-12-17 10:47:51",,"1000"
"13628","1679","plant","2020-12-17 10:47:51",,"1000"
"13629","1679","plant","2020-12-17 10:47:51",,"1000"
"13630","1679","plant","2020-12-17 10:47:51",,"1000"
"13631","1679","plant","2020-12-17 10:47:51",,"1000"
"13632","1679","plant","2020-12-17 10:47:51",,"1000"
"13691","1679","plant","2020-12-17 10:47:51",,"1000"
"13692","1679","plant","2020-12-17 10:47:51",,"1000"
"13693","1679","plant","2020-12-17 10:47:51",,"1000"
"13694","1679","plant","2020-12-17 10:47:51",,"1000"
"13695","1679","plant","2020-12-17 10:47:51",,"1000"
"13696","1679","plant","2020-12-17 10:47:51",,"1000"
"13697","1679","plant","2020-12-17 10:47:51",,"1000"
"13698","1679","plant","2020-12-17 10:47:51",,"1000"
"13699","1679","plant","2020-12-17 10:47:51",,"1000"
"13700","1679","plant","2020-12-17 10:47:51",,"1000"
"13701","1679","plant","2020-12-17 10:47:51",,"1000"
"13702","1679","plant","2020-12-17 10:47:51",,"1000"
"13703","1679","plant","2020-12-17 10:47:51",,"1000"
"13760","1679","plant","2020-12-17 10:47:51",,"1000"
"13761","1679","plant","2020-12-17 10:47:51",,"1000"
"13762","1679","plant","2020-12-17 10:47:51",,"1000"
"13763","1679","plant","2020-12-17 10:47:51",,"1000"
"13764","1679","plant","2020-12-17 10:47:51",,"1000"
"13765","1679","plant","2020-12-17 10:47:51",,"1000"
"13766","1679","plant","2020-12-17 10:47:51",,"1000"
"13767","1679","plant","2020-12-17 10:47:51",,"1000"
"13768","1679","plant","2020-12-17 10:47:51",,"1000"
"13769","1679","plant","2020-12-17 10:47:51",,"1000"
"13770","1679","plant","2020-12-17 10:47:51",,"1000"
"13771","1679","plant","2020-12-17 10:47:51",,"1000"
"13772","1679","plant","2020-12-17 10:47:51",,"1000"
"13834","1679","plant","2020-12-17 10:47:51",,"1000"
"13835","1679","plant","2020-12-17 10:47:51",,"1000"
"13836","1679","plant","2020-12-17 10:47:51",,"1000"
"13837","1679","plant","2020-12-17 10:47:51",,"1000"
"13838","1679","plant","2020-12-17 10:47:51",,"1000"
"13839","1679","plant","2020-12-17 10:47:51",,"1000"
"13840","1679","plant","2020-12-17 10:47:51",,"1000"
"13841","1679","plant","2020-12-17 10:47:51",,"1000"
"13842","1679","plant","2020-12-17 10:47:51",,"1000"
"13843","1679","plant","2020-12-17 10:47:51",,"1000"
"13844","1679","plant","2020-12-17 10:47:51",,"1000"
"13845","1679","plant","2020-12-17 10:47:51",,"1000"
"13846","1679","plant","2020-12-17 10:47:51",,"1000"
"13909","1679","plant","2020-12-17 10:47:51",,"1000"
"13910","1679","plant","2020-12-17 10:47:51",,"1000"
"13911","1679","plant","2020-12-17 10:47:51",,"1000"
"13912","1679","plant","2020-12-17 10:47:51",,"1000"
"13913","1679","plant","2020-12-17 10:47:51",,"1000"
"13914","1679","plant","2020-12-17 10:47:51",,"1000"
"13915","1679","plant","2020-12-17 10:47:51",,"1000"
"13916","1679","plant","2020-12-17 10:47:51",,"1000"
"13917","1679","plant","2020-12-17 10:47:51",,"1000"
"13918","1679","plant","2020-12-17 10:47:51",,"1000"
"13919","1679","plant","2020-12-17 10:47:51",,"1000"
"13920","1679","plant","2020-12-17 10:47:51",,"1000"
"13921","1679","plant","2020-12-17 10:47:51",,"1000"
"13979","1679","plant","2020-12-17 10:47:51",,"1000"
"13980","1679","plant","2020-12-17 10:47:51",,"1000"
"13981","1679","plant","2020-12-17 10:47:51",,"1000"
"13982","1679","plant","2020-12-17 10:47:51",,"1000"
"13983","1679","plant","2020-12-17 10:47:51",,"1000"
"13984","1679","plant","2020-12-17 10:47:51",,"1000"
"13985","1679","plant","2020-12-17 10:47:51",,"1000"
"13986","1679","plant","2020-12-17 10:47:51",,"1000"
"13987","1679","plant","2020-12-17 10:47:51",,"1000"
"13988","1679","plant","2020-12-17 10:47:51",,"1000"
"13989","1679","plant","2020-12-17 10:47:51",,"1000"
"13990","1679","plant","2020-12-17 10:47:51",,"1000"
"13991","1679","plant","2020-12-17 10:47:51",,"1000"
"23571","1803","plant","2020-12-22 10:00:05",,"1000"
"23572","1803","plant","2020-12-22 10:00:05",,"1000"
"23573","1803","plant","2020-12-22 10:00:05",,"1000"
"23574","1803","plant","2020-12-22 10:00:05",,"1000"
"23575","1803","plant","2020-12-22 10:00:05",,"1000"
"23576","1803","plant","2020-12-22 10:00:05",,"1000"
"23577","1803","plant","2020-12-22 10:00:05",,"1000"
"23578","1803","plant","2020-12-22 10:00:05",,"1000"
"23579","1803","plant","2020-12-22 10:00:05",,"1000"
"23580","1803","plant","2020-12-22 10:00:05",,"1000"
"23581","1803","plant","2020-12-22 10:00:05",,"1000"
"23582","1803","plant","2020-12-22 10:00:05",,"1000"
"23583","1803","plant","2020-12-22 10:00:05",,"1000"
"23611","1803","plant","2020-12-22 10:00:05",,"1000"
"23612","1803","plant","2020-12-22 10:00:05",,"1000"
"23613","1803","plant","2020-12-22 10:00:05",,"1000"
"23614","1803","plant","2020-12-22 10:00:05",,"1000"
"23615","1803","plant","2020-12-22 10:00:05",,"1000"
"23616","1803","plant","2020-12-22 10:00:05",,"1000"
"23617","1803","plant","2020-12-22 10:00:05",,"1000"
"23618","1803","plant","2020-12-22 10:00:05",,"1000"
"23619","1803","plant","2020-12-22 10:00:05",,"1000"
"23620","1803","plant","2020-12-22 10:00:05",,"1000"
"23621","1803","plant","2020-12-22 10:00:05",,"1000"
"23622","1803","plant","2020-12-22 10:00:05",,"1000"
"23623","1803","plant","2020-12-22 10:00:05",,"1000"
"23653","1803","plant","2020-12-22 10:00:05",,"1000"
"23654","1803","plant","2020-12-22 10:00:05",,"1000"
"23655","1803","plant","2020-12-22 10:00:05",,"1000"
"23656","1803","plant","2020-12-22 10:00:05",,"1000"
"23657","1803","plant","2020-12-22 10:00:05",,"1000"
"23658","1803","plant","2020-12-22 10:00:05",,"1000"
"23659","1803","plant","2020-12-22 10:00:05",,"1000"
"23660","1803","plant","2020-12-22 10:00:05",,"1000"
"23661","1803","plant","2020-12-22 10:00:05",,"1000"
"23662","1803","plant","2020-12-22 10:00:05",,"1000"
"23663","1803","plant","2020-12-22 10:00:05",,"1000"
"23664","1803","plant","2020-12-22 10:00:05",,"1000"
"23665","1803","plant","2020-12-22 10:00:05",,"1000"
"23693","1803","plant","2020-12-22 10:00:05",,"1000"
"23694","1803","plant","2020-12-22 10:00:05",,"1000"
"23695","1803","plant","2020-12-22 10:00:05",,"1000"
"23696","1803","plant","2020-12-22 10:00:05",,"1000"
"23697","1803","plant","2020-12-22 10:00:05",,"1000"
"23698","1803","plant","2020-12-22 10:00:05",,"1000"
"23699","1803","plant","2020-12-22 10:00:05",,"1000"
"23700","1803","plant","2020-12-22 10:00:05",,"1000"
"23701","1803","plant","2020-12-22 10:00:05",,"1000"
"23702","1803","plant","2020-12-22 10:00:05",,"1000"
"23703","1803","plant","2020-12-22 10:00:05",,"1000"
"23704","1803","plant","2020-12-22 10:00:05",,"1000"
"23705","1803","plant","2020-12-22 10:00:05",,"1000"
"23735","1803","plant","2020-12-22 10:00:05",,"1000"
"23736","1803","plant","2020-12-22 10:00:05",,"1000"
"23737","1803","plant","2020-12-22 10:00:05",,"1000"
"23738","1803","plant","2020-12-22 10:00:05",,"1000"
"23739","1803","plant","2020-12-22 10:00:05",,"1000"
"23740","1803","plant","2020-12-22 10:00:05",,"1000"
"23741","1803","plant","2020-12-22 10:00:05",,"1000"
"23742","1803","plant","2020-12-22 10:00:05",,"1000"
"23743","1803","plant","2020-12-22 10:00:05",,"1000"
"23744","1803","plant","2020-12-22 10:00:05",,"1000"
"23745","1803","plant","2020-12-22 10:00:05",,"1000"
"23746","1803","plant","2020-12-22 10:00:05",,"1000"
"23747","1803","plant","2020-12-22 10:00:05",,"1000"
"23775","1803","plant","2020-12-22 10:00:05",,"1000"
"23776","1803","plant","2020-12-22 10:00:05",,"1000"
"23777","1803","plant","2020-12-22 10:00:05",,"1000"
"23778","1803","plant","2020-12-22 10:00:05",,"1000"
"23779","1803","plant","2020-12-22 10:00:05",,"1000"
"23780","1803","plant","2020-12-22 10:00:05",,"1000"
"23781","1803","plant","2020-12-22 10:00:05",,"1000"
"23782","1803","plant","2020-12-22 10:00:05",,"1000"
"23783","1803","plant","2020-12-22 10:00:05",,"1000"
"23784","1803","plant","2020-12-22 10:00:05",,"1000"
"23785","1803","plant","2020-12-22 10:00:05",,"1000"
"23786","1803","plant","2020-12-22 10:00:05",,"1000"
"23787","1803","plant","2020-12-22 10:00:05",,"1000"
"23821","1803","plant","2020-12-22 10:00:05",,"1000"
"23822","1803","plant","2020-12-22 10:00:05",,"1000"
"23823","1803","plant","2020-12-22 10:00:05",,"1000"
"23824","1803","plant","2020-12-22 10:00:05",,"1000"
"23825","1803","plant","2020-12-22 10:00:05",,"1000"
"23826","1803","plant","2020-12-22 10:00:05",,"1000"
"23827","1803","plant","2020-12-22 10:00:05",,"1000"
"23828","1803","plant","2020-12-22 10:00:05",,"1000"
"23829","1803","plant","2020-12-22 10:00:05",,"1000"
"23830","1803","plant","2020-12-22 10:00:05",,"1000"
"23831","1803","plant","2020-12-22 10:00:05",,"1000"
"23832","1803","plant","2020-12-22 10:00:05",,"1000"
"23833","1803","plant","2020-12-22 10:00:05",,"1000"
"23865","1803","plant","2020-12-22 10:00:05",,"1000"
"23866","1803","plant","2020-12-22 10:00:05",,"1000"
"23867","1803","plant","2020-12-22 10:00:05",,"1000"
"23868","1803","plant","2020-12-22 10:00:05",,"1000"
"23869","1803","plant","2020-12-22 10:00:05",,"1000"
"23870","1803","plant","2020-12-22 10:00:05",,"1000"
"23871","1803","plant","2020-12-22 10:00:05",,"1000"
"23872","1803","plant","2020-12-22 10:00:05",,"1000"
"23873","1803","plant","2020-12-22 10:00:05",,"1000"
"23874","1803","plant","2020-12-22 10:00:05",,"1000"
"23875","1803","plant","2020-12-22 10:00:05",,"1000"
"23876","1803","plant","2020-12-22 10:00:05",,"1000"
"23877","1803","plant","2020-12-22 10:00:05",,"1000"
"23910","1803","plant","2020-12-22 10:00:05",,"1000"
"23911","1803","plant","2020-12-22 10:00:05",,"1000"
"23912","1803","plant","2020-12-22 10:00:05",,"1000"
"23913","1803","plant","2020-12-22 10:00:05",,"1000"
"23914","1803","plant","2020-12-22 10:00:05",,"1000"
"23915","1803","plant","2020-12-22 10:00:05",,"1000"
"23916","1803","plant","2020-12-22 10:00:05",,"1000"
"23917","1803","plant","2020-12-22 10:00:05",,"1000"
"23918","1803","plant","2020-12-22 10:00:05",,"1000"
"23919","1803","plant","2020-12-22 10:00:05",,"1000"
"23920","1803","plant","2020-12-22 10:00:05",,"1000"
"23921","1803","plant","2020-12-22 10:00:05",,"1000"
"23922","1803","plant","2020-12-22 10:00:05",,"1000"
"23953","1803","plant","2020-12-22 10:00:05",,"1000"
"23954","1803","plant","2020-12-22 10:00:05",,"1000"
"23955","1803","plant","2020-12-22 10:00:05",,"1000"
"23956","1803","plant","2020-12-22 10:00:05",,"1000"
"23957","1803","plant","2020-12-22 10:00:05",,"1000"
"23958","1803","plant","2020-12-22 10:00:05",,"1000"
"23959","1803","plant","2020-12-22 10:00:05",,"1000"
"23960","1803","plant","2020-12-22 10:00:05",,"1000"
"23961","1803","plant","2020-12-22 10:00:05",,"1000"
"23962","1803","plant","2020-12-22 10:00:05",,"1000"
"23963","1803","plant","2020-12-22 10:00:05",,"1000"
"23964","1803","plant","2020-12-22 10:00:05",,"1000"
"23965","1803","plant","2020-12-22 10:00:05",,"1000"
"24001","1803","plant","2020-12-22 10:00:05",,"1000"
"24002","1803","plant","2020-12-22 10:00:05",,"1000"
"24003","1803","plant","2020-12-22 10:00:05",,"1000"
"24004","1803","plant","2020-12-22 10:00:05",,"1000"
"24005","1803","plant","2020-12-22 10:00:05",,"1000"
"24006","1803","plant","2020-12-22 10:00:05",,"1000"
"24007","1803","plant","2020-12-22 10:00:05",,"1000"
"24008","1803","plant","2020-12-22 10:00:05",,"1000"
"24009","1803","plant","2020-12-22 10:00:05",,"1000"
"24010","1803","plant","2020-12-22 10:00:05",,"1000"
"24011","1803","plant","2020-12-22 10:00:05",,"1000"
"24012","1803","plant","2020-12-22 10:00:05",,"1000"
"24013","1803","plant","2020-12-22 10:00:05",,"1000"
"24050","1803","plant","2020-12-22 10:00:05",,"1000"
"24051","1803","plant","2020-12-22 10:00:05",,"1000"
"24052","1803","plant","2020-12-22 10:00:05",,"1000"
"24053","1803","plant","2020-12-22 10:00:05",,"1000"
"24054","1803","plant","2020-12-22 10:00:05",,"1000"
"24055","1803","plant","2020-12-22 10:00:05",,"1000"
"24056","1803","plant","2020-12-22 10:00:05",,"1000"
"24057","1803","plant","2020-12-22 10:00:05",,"1000"
"24058","1803","plant","2020-12-22 10:00:05",,"1000"
"24059","1803","plant","2020-12-22 10:00:05",,"1000"
"24060","1803","plant","2020-12-22 10:00:05",,"1000"
"24061","1803","plant","2020-12-22 10:00:05",,"1000"
"24062","1803","plant","2020-12-22 10:00:05",,"1000"
"24094","1803","plant","2020-12-22 10:00:05",,"1000"
"24095","1803","plant","2020-12-22 10:00:05",,"1000"
"24096","1803","plant","2020-12-22 10:00:05",,"1000"
"24097","1803","plant","2020-12-22 10:00:05",,"1000"
"24098","1803","plant","2020-12-22 10:00:05",,"1000"
"24099","1803","plant","2020-12-22 10:00:05",,"1000"
"24100","1803","plant","2020-12-22 10:00:05",,"1000"
"24101","1803","plant","2020-12-22 10:00:05",,"1000"
"24102","1803","plant","2020-12-22 10:00:05",,"1000"
"24103","1803","plant","2020-12-22 10:00:05",,"1000"
"24104","1803","plant","2020-12-22 10:00:05",,"1000"
"24105","1803","plant","2020-12-22 10:00:05",,"1000"
"24106","1803","plant","2020-12-22 10:00:05",,"1000"
"24522","1809","plant","2020-12-22 11:11:11",,"1000"
"24523","1809","plant","2020-12-22 11:11:11",,"1000"
"24524","1809","plant","2020-12-22 11:11:11",,"1000"
"24525","1809","plant","2020-12-22 11:11:11",,"1000"
"24526","1809","plant","2020-12-22 11:11:11",,"1000"
"24527","1809","plant","2020-12-22 11:11:11",,"1000"
"24528","1809","plant","2020-12-22 11:11:11",,"1000"
"24529","1809","plant","2020-12-22 11:11:11",,"1000"
"24530","1809","plant","2020-12-22 11:11:11",,"1000"
"24531","1809","plant","2020-12-22 11:11:11",,"1000"
"24532","1809","plant","2020-12-22 11:11:11",,"1000"
"24533","1809","plant","2020-12-22 11:11:11",,"1000"
"24534","1809","plant","2020-12-22 11:11:11",,"1000"
"24562","1809","plant","2020-12-22 11:11:11",,"1000"
"24563","1809","plant","2020-12-22 11:11:11",,"1000"
"24564","1809","plant","2020-12-22 11:11:11",,"1000"
"24565","1809","plant","2020-12-22 11:11:11",,"1000"
"24566","1809","plant","2020-12-22 11:11:11",,"1000"
"24567","1809","plant","2020-12-22 11:11:11",,"1000"
"24568","1809","plant","2020-12-22 11:11:11",,"1000"
"24569","1809","plant","2020-12-22 11:11:11",,"1000"
"24570","1809","plant","2020-12-22 11:11:11",,"1000"
"24571","1809","plant","2020-12-22 11:11:11",,"1000"
"24572","1809","plant","2020-12-22 11:11:11",,"1000"
"24573","1809","plant","2020-12-22 11:11:11",,"1000"
"24574","1809","plant","2020-12-22 11:11:11",,"1000"
"24604","1809","plant","2020-12-22 11:11:11",,"1000"
"24605","1809","plant","2020-12-22 11:11:11",,"1000"
"24606","1809","plant","2020-12-22 11:11:11",,"1000"
"24607","1809","plant","2020-12-22 11:11:11",,"1000"
"24608","1809","plant","2020-12-22 11:11:11",,"1000"
"24609","1809","plant","2020-12-22 11:11:11",,"1000"
"24610","1809","plant","2020-12-22 11:11:11",,"1000"
"24611","1809","plant","2020-12-22 11:11:11",,"1000"
"24612","1809","plant","2020-12-22 11:11:11",,"1000"
"24613","1809","plant","2020-12-22 11:11:11",,"1000"
"24614","1809","plant","2020-12-22 11:11:11",,"1000"
"24615","1809","plant","2020-12-22 11:11:11",,"1000"
"24616","1809","plant","2020-12-22 11:11:11",,"1000"
"24644","1809","plant","2020-12-22 11:11:11",,"1000"
"24645","1809","plant","2020-12-22 11:11:11",,"1000"
"24646","1809","plant","2020-12-22 11:11:11",,"1000"
"24647","1809","plant","2020-12-22 11:11:11",,"1000"
"24648","1809","plant","2020-12-22 11:11:11",,"1000"
"24649","1809","plant","2020-12-22 11:11:11",,"1000"
"24650","1809","plant","2020-12-22 11:11:11",,"1000"
"24651","1809","plant","2020-12-22 11:11:11",,"1000"
"24652","1809","plant","2020-12-22 11:11:11",,"1000"
"24653","1809","plant","2020-12-22 11:11:11",,"1000"
"24654","1809","plant","2020-12-22 11:11:11",,"1000"
"24655","1809","plant","2020-12-22 11:11:11",,"1000"
"24656","1809","plant","2020-12-22 11:11:11",,"1000"
"24686","1809","plant","2020-12-22 11:11:11",,"1000"
"24687","1809","plant","2020-12-22 11:11:11",,"1000"
"24688","1809","plant","2020-12-22 11:11:11",,"1000"
"24689","1809","plant","2020-12-22 11:11:11",,"1000"
"24690","1809","plant","2020-12-22 11:11:11",,"1000"
"24691","1809","plant","2020-12-22 11:11:11",,"1000"
"24692","1809","plant","2020-12-22 11:11:11",,"1000"
"24693","1809","plant","2020-12-22 11:11:11",,"1000"
"24694","1809","plant","2020-12-22 11:11:11",,"1000"
"24695","1809","plant","2020-12-22 11:11:11",,"1000"
"24696","1809","plant","2020-12-22 11:11:11",,"1000"
"24697","1809","plant","2020-12-22 11:11:11",,"1000"
"24698","1809","plant","2020-12-22 11:11:11",,"1000"
"24726","1809","plant","2020-12-22 11:11:11",,"1000"
"24727","1809","plant","2020-12-22 11:11:11",,"1000"
"24728","1809","plant","2020-12-22 11:11:11",,"1000"
"24729","1809","plant","2020-12-22 11:11:11",,"1000"
"24730","1809","plant","2020-12-22 11:11:11",,"1000"
"24731","1809","plant","2020-12-22 11:11:11",,"1000"
"24732","1809","plant","2020-12-22 11:11:11",,"1000"
"24733","1809","plant","2020-12-22 11:11:11",,"1000"
"24734","1809","plant","2020-12-22 11:11:11",,"1000"
"24735","1809","plant","2020-12-22 11:11:11",,"1000"
"24736","1809","plant","2020-12-22 11:11:11",,"1000"
"24737","1809","plant","2020-12-22 11:11:11",,"1000"
"24738","1809","plant","2020-12-22 11:11:11",,"1000"
"24772","1809","plant","2020-12-22 11:11:11",,"1000"
"24773","1809","plant","2020-12-22 11:11:11",,"1000"
"24774","1809","plant","2020-12-22 11:11:11",,"1000"
"24775","1809","plant","2020-12-22 11:11:11",,"1000"
"24776","1809","plant","2020-12-22 11:11:11",,"1000"
"24777","1809","plant","2020-12-22 11:11:11",,"1000"
"24778","1809","plant","2020-12-22 11:11:11",,"1000"
"24779","1809","plant","2020-12-22 11:11:11",,"1000"
"24780","1809","plant","2020-12-22 11:11:11",,"1000"
"24781","1809","plant","2020-12-22 11:11:11",,"1000"
"24782","1809","plant","2020-12-22 11:11:11",,"1000"
"24783","1809","plant","2020-12-22 11:11:11",,"1000"
"24784","1809","plant","2020-12-22 11:11:11",,"1000"
"24816","1809","plant","2020-12-22 11:11:11",,"1000"
"24817","1809","plant","2020-12-22 11:11:11",,"1000"
"24818","1809","plant","2020-12-22 11:11:11",,"1000"
"24819","1809","plant","2020-12-22 11:11:11",,"1000"
"24820","1809","plant","2020-12-22 11:11:11",,"1000"
"24821","1809","plant","2020-12-22 11:11:11",,"1000"
"24822","1809","plant","2020-12-22 11:11:11",,"1000"
"24823","1809","plant","2020-12-22 11:11:11",,"1000"
"24824","1809","plant","2020-12-22 11:11:11",,"1000"
"24825","1809","plant","2020-12-22 11:11:11",,"1000"
"24826","1809","plant","2020-12-22 11:11:11",,"1000"
"24827","1809","plant","2020-12-22 11:11:11",,"1000"
"24828","1809","plant","2020-12-22 11:11:11",,"1000"
"24861","1809","plant","2020-12-22 11:11:11",,"1000"
"24862","1809","plant","2020-12-22 11:11:11",,"1000"
"24863","1809","plant","2020-12-22 11:11:11",,"1000"
"24864","1809","plant","2020-12-22 11:11:11",,"1000"
"24865","1809","plant","2020-12-22 11:11:11",,"1000"
"24866","1809","plant","2020-12-22 11:11:11",,"1000"
"24867","1809","plant","2020-12-22 11:11:11",,"1000"
"24868","1809","plant","2020-12-22 11:11:11",,"1000"
"24869","1809","plant","2020-12-22 11:11:11",,"1000"
"24870","1809","plant","2020-12-22 11:11:11",,"1000"
"24871","1809","plant","2020-12-22 11:11:11",,"1000"
"24872","1809","plant","2020-12-22 11:11:11",,"1000"
"24873","1809","plant","2020-12-22 11:11:11",,"1000"
"24904","1809","plant","2020-12-22 11:11:11",,"1000"
"24905","1809","plant","2020-12-22 11:11:11",,"1000"
"24906","1809","plant","2020-12-22 11:11:11",,"1000"
"24907","1809","plant","2020-12-22 11:11:11",,"1000"
"24908","1809","plant","2020-12-22 11:11:11",,"1000"
"24909","1809","plant","2020-12-22 11:11:11",,"1000"
"24910","1809","plant","2020-12-22 11:11:11",,"1000"
"24911","1809","plant","2020-12-22 11:11:11",,"1000"
"24912","1809","plant","2020-12-22 11:11:11",,"1000"
"24913","1809","plant","2020-12-22 11:11:11",,"1000"
"24914","1809","plant","2020-12-22 11:11:11",,"1000"
"24915","1809","plant","2020-12-22 11:11:11",,"1000"
"24916","1809","plant","2020-12-22 11:11:11",,"1000"
"24952","1809","plant","2020-12-22 11:11:11",,"1000"
"24953","1809","plant","2020-12-22 11:11:11",,"1000"
"24954","1809","plant","2020-12-22 11:11:11",,"1000"
"24955","1809","plant","2020-12-22 11:11:11",,"1000"
"24956","1809","plant","2020-12-22 11:11:11",,"1000"
"24957","1809","plant","2020-12-22 11:11:11",,"1000"
"24958","1809","plant","2020-12-22 11:11:11",,"1000"
"24959","1809","plant","2020-12-22 11:11:11",,"1000"
"24960","1809","plant","2020-12-22 11:11:11",,"1000"
"24961","1809","plant","2020-12-22 11:11:11",,"1000"
"24962","1809","plant","2020-12-22 11:11:11",,"1000"
"24963","1809","plant","2020-12-22 11:11:11",,"1000"
"24964","1809","plant","2020-12-22 11:11:11",,"1000"
"25001","1809","plant","2020-12-22 11:11:11",,"1000"
"25002","1809","plant","2020-12-22 11:11:11",,"1000"
"25003","1809","plant","2020-12-22 11:11:11",,"1000"
"25004","1809","plant","2020-12-22 11:11:11",,"1000"
"25005","1809","plant","2020-12-22 11:11:11",,"1000"
"25006","1809","plant","2020-12-22 11:11:11",,"1000"
"25007","1809","plant","2020-12-22 11:11:11",,"1000"
"25008","1809","plant","2020-12-22 11:11:11",,"1000"
"25009","1809","plant","2020-12-22 11:11:11",,"1000"
"25010","1809","plant","2020-12-22 11:11:11",,"1000"
"25011","1809","plant","2020-12-22 11:11:11",,"1000"
"25012","1809","plant","2020-12-22 11:11:11",,"1000"
"25013","1809","plant","2020-12-22 11:11:11",,"1000"
"25045","1809","plant","2020-12-22 11:11:11",,"1000"
"25046","1809","plant","2020-12-22 11:11:11",,"1000"
"25047","1809","plant","2020-12-22 11:11:11",,"1000"
"25048","1809","plant","2020-12-22 11:11:11",,"1000"
"25049","1809","plant","2020-12-22 11:11:11",,"1000"
"25050","1809","plant","2020-12-22 11:11:11",,"1000"
"25051","1809","plant","2020-12-22 11:11:11",,"1000"
"25052","1809","plant","2020-12-22 11:11:11",,"1000"
"25053","1809","plant","2020-12-22 11:11:11",,"1000"
"25054","1809","plant","2020-12-22 11:11:11",,"1000"
"25055","1809","plant","2020-12-22 11:11:11",,"1000"
"25056","1809","plant","2020-12-22 11:11:11",,"1000"
"25057","1809","plant","2020-12-22 11:11:11",,"1000"
"27655","1955","plant","2020-12-23 18:23:31",,"1000"
"27656","1955","plant","2020-12-23 18:23:31",,"1000"
"27657","1955","plant","2020-12-23 18:23:31",,"1000"
"27658","1955","plant","2020-12-23 18:23:31",,"1000"
"27659","1955","plant","2020-12-23 18:23:31",,"1000"
"27660","1955","plant","2020-12-23 18:23:31",,"1000"
"27661","1955","plant","2020-12-23 18:23:31",,"1000"
"27662","1955","plant","2020-12-23 18:23:31",,"1000"
"27663","1955","plant","2020-12-23 18:23:31",,"1000"
"27664","1955","plant","2020-12-23 18:23:31",,"1000"
"27665","1955","plant","2020-12-23 18:23:31",,"1000"
"27666","1955","plant","2020-12-23 18:23:31",,"1000"
"27667","1955","plant","2020-12-23 18:23:31",,"1000"
"27695","1955","plant","2020-12-23 18:23:31",,"1000"
"27696","1955","plant","2020-12-23 18:23:31",,"1000"
"27697","1955","plant","2020-12-23 18:23:31",,"1000"
"27698","1955","plant","2020-12-23 18:23:31",,"1000"
"27699","1955","plant","2020-12-23 18:23:31",,"1000"
"27700","1955","plant","2020-12-23 18:23:31",,"1000"
"27701","1955","plant","2020-12-23 18:23:31",,"1000"
"27702","1955","plant","2020-12-23 18:23:31",,"1000"
"27703","1955","plant","2020-12-23 18:23:31",,"1000"
"27704","1955","plant","2020-12-23 18:23:31",,"1000"
"27705","1955","plant","2020-12-23 18:23:31",,"1000"
"27706","1955","plant","2020-12-23 18:23:31",,"1000"
"27707","1955","plant","2020-12-23 18:23:31",,"1000"
"27737","1955","plant","2020-12-23 18:23:31",,"1000"
"27738","1955","plant","2020-12-23 18:23:31",,"1000"
"27739","1955","plant","2020-12-23 18:23:31",,"1000"
"27740","1955","plant","2020-12-23 18:23:31",,"1000"
"27741","1955","plant","2020-12-23 18:23:31",,"1000"
"27742","1955","plant","2020-12-23 18:23:31",,"1000"
"27743","1955","plant","2020-12-23 18:23:31",,"1000"
"27744","1955","plant","2020-12-23 18:23:31",,"1000"
"27745","1955","plant","2020-12-23 18:23:31",,"1000"
"27746","1955","plant","2020-12-23 18:23:31",,"1000"
"27747","1955","plant","2020-12-23 18:23:31",,"1000"
"27748","1955","plant","2020-12-23 18:23:31",,"1000"
"27749","1955","plant","2020-12-23 18:23:31",,"1000"
"27777","1955","plant","2020-12-23 18:23:31",,"1000"
"27778","1955","plant","2020-12-23 18:23:31",,"1000"
"27779","1955","plant","2020-12-23 18:23:31",,"1000"
"27780","1955","plant","2020-12-23 18:23:31",,"1000"
"27781","1955","plant","2020-12-23 18:23:31",,"1000"
"27782","1955","plant","2020-12-23 18:23:31",,"1000"
"27783","1955","plant","2020-12-23 18:23:31",,"1000"
"27784","1955","plant","2020-12-23 18:23:31",,"1000"
"27785","1955","plant","2020-12-23 18:23:31",,"1000"
"27786","1955","plant","2020-12-23 18:23:31",,"1000"
"27787","1955","plant","2020-12-23 18:23:31",,"1000"
"27788","1955","plant","2020-12-23 18:23:31",,"1000"
"27789","1955","plant","2020-12-23 18:23:31",,"1000"
"27819","1955","plant","2020-12-23 18:23:31",,"1000"
"27820","1955","plant","2020-12-23 18:23:31",,"1000"
"27821","1955","plant","2020-12-23 18:23:31",,"1000"
"27822","1955","plant","2020-12-23 18:23:31",,"1000"
"27823","1955","plant","2020-12-23 18:23:31",,"1000"
"27824","1955","plant","2020-12-23 18:23:31",,"1000"
"27825","1955","plant","2020-12-23 18:23:31",,"1000"
"27826","1955","plant","2020-12-23 18:23:31",,"1000"
"27827","1955","plant","2020-12-23 18:23:31",,"1000"
"27828","1955","plant","2020-12-23 18:23:31",,"1000"
"27829","1955","plant","2020-12-23 18:23:31",,"1000"
"27830","1955","plant","2020-12-23 18:23:31",,"1000"
"27831","1955","plant","2020-12-23 18:23:31",,"1000"
"27859","1955","plant","2020-12-23 18:23:31",,"1000"
"27860","1955","plant","2020-12-23 18:23:31",,"1000"
"27861","1955","plant","2020-12-23 18:23:31",,"1000"
"27862","1955","plant","2020-12-23 18:23:31",,"1000"
"27863","1955","plant","2020-12-23 18:23:31",,"1000"
"27864","1955","plant","2020-12-23 18:23:31",,"1000"
"27865","1955","plant","2020-12-23 18:23:31",,"1000"
"27866","1955","plant","2020-12-23 18:23:31",,"1000"
"27867","1955","plant","2020-12-23 18:23:31",,"1000"
"27868","1955","plant","2020-12-23 18:23:31",,"1000"
"27869","1955","plant","2020-12-23 18:23:31",,"1000"
"27870","1955","plant","2020-12-23 18:23:31",,"1000"
"27871","1955","plant","2020-12-23 18:23:31",,"1000"
"27905","1955","plant","2020-12-23 18:23:31",,"1000"
"27906","1955","plant","2020-12-23 18:23:31",,"1000"
"27907","1955","plant","2020-12-23 18:23:31",,"1000"
"27908","1955","plant","2020-12-23 18:23:31",,"1000"
"27909","1955","plant","2020-12-23 18:23:31",,"1000"
"27910","1955","plant","2020-12-23 18:23:31",,"1000"
"27911","1955","plant","2020-12-23 18:23:31",,"1000"
"27912","1955","plant","2020-12-23 18:23:31",,"1000"
"27913","1955","plant","2020-12-23 18:23:31",,"1000"
"27914","1955","plant","2020-12-23 18:23:31",,"1000"
"27915","1955","plant","2020-12-23 18:23:31",,"1000"
"27916","1955","plant","2020-12-23 18:23:31",,"1000"
"27917","1955","plant","2020-12-23 18:23:31",,"1000"
"27949","1955","plant","2020-12-23 18:23:31",,"1000"
"27950","1955","plant","2020-12-23 18:23:31",,"1000"
"27951","1955","plant","2020-12-23 18:23:31",,"1000"
"27952","1955","plant","2020-12-23 18:23:31",,"1000"
"27953","1955","plant","2020-12-23 18:23:31",,"1000"
"27954","1955","plant","2020-12-23 18:23:31",,"1000"
"27955","1955","plant","2020-12-23 18:23:31",,"1000"
"27956","1955","plant","2020-12-23 18:23:31",,"1000"
"27957","1955","plant","2020-12-23 18:23:31",,"1000"
"27958","1955","plant","2020-12-23 18:23:31",,"1000"
"27959","1955","plant","2020-12-23 18:23:31",,"1000"
"27960","1955","plant","2020-12-23 18:23:31",,"1000"
"27961","1955","plant","2020-12-23 18:23:31",,"1000"
"27994","1955","plant","2020-12-23 18:23:31",,"1000"
"27995","1955","plant","2020-12-23 18:23:31",,"1000"
"27996","1955","plant","2020-12-23 18:23:31",,"1000"
"27997","1955","plant","2020-12-23 18:23:31",,"1000"
"27998","1955","plant","2020-12-23 18:23:31",,"1000"
"27999","1955","plant","2020-12-23 18:23:31",,"1000"
"28000","1955","plant","2020-12-23 18:23:31",,"1000"
"28001","1955","plant","2020-12-23 18:23:31",,"1000"
"28002","1955","plant","2020-12-23 18:23:31",,"1000"
"28003","1955","plant","2020-12-23 18:23:31",,"1000"
"28004","1955","plant","2020-12-23 18:23:31",,"1000"
"28005","1955","plant","2020-12-23 18:23:31",,"1000"
"28006","1955","plant","2020-12-23 18:23:31",,"1000"
"28037","1955","plant","2020-12-23 18:23:31",,"1000"
"28038","1955","plant","2020-12-23 18:23:31",,"1000"
"28039","1955","plant","2020-12-23 18:23:31",,"1000"
"28040","1955","plant","2020-12-23 18:23:31",,"1000"
"28041","1955","plant","2020-12-23 18:23:31",,"1000"
"28042","1955","plant","2020-12-23 18:23:31",,"1000"
"28043","1955","plant","2020-12-23 18:23:31",,"1000"
"28044","1955","plant","2020-12-23 18:23:31",,"1000"
"28045","1955","plant","2020-12-23 18:23:31",,"1000"
"28046","1955","plant","2020-12-23 18:23:31",,"1000"
"28047","1955","plant","2020-12-23 18:23:31",,"1000"
"28048","1955","plant","2020-12-23 18:23:31",,"1000"
"28049","1955","plant","2020-12-23 18:23:31",,"1000"
"28085","1955","plant","2020-12-23 18:23:31",,"1000"
"28086","1955","plant","2020-12-23 18:23:31",,"1000"
"28087","1955","plant","2020-12-23 18:23:31",,"1000"
"28088","1955","plant","2020-12-23 18:23:31",,"1000"
"28089","1955","plant","2020-12-23 18:23:31",,"1000"
"28090","1955","plant","2020-12-23 18:23:31",,"1000"
"28091","1955","plant","2020-12-23 18:23:31",,"1000"
"28092","1955","plant","2020-12-23 18:23:31",,"1000"
"28093","1955","plant","2020-12-23 18:23:31",,"1000"
"28094","1955","plant","2020-12-23 18:23:31",,"1000"
"28095","1955","plant","2020-12-23 18:23:31",,"1000"
"28096","1955","plant","2020-12-23 18:23:31",,"1000"
"28097","1955","plant","2020-12-23 18:23:31",,"1000"
"28134","1955","plant","2020-12-23 18:23:31",,"1000"
"28135","1955","plant","2020-12-23 18:23:31",,"1000"
"28136","1955","plant","2020-12-23 18:23:31",,"1000"
"28137","1955","plant","2020-12-23 18:23:31",,"1000"
"28138","1955","plant","2020-12-23 18:23:31",,"1000"
"28139","1955","plant","2020-12-23 18:23:31",,"1000"
"28140","1955","plant","2020-12-23 18:23:31",,"1000"
"28141","1955","plant","2020-12-23 18:23:31",,"1000"
"28142","1955","plant","2020-12-23 18:23:31",,"1000"
"28143","1955","plant","2020-12-23 18:23:31",,"1000"
"28144","1955","plant","2020-12-23 18:23:31",,"1000"
"28145","1955","plant","2020-12-23 18:23:31",,"1000"
"28146","1955","plant","2020-12-23 18:23:31",,"1000"
"28178","1955","plant","2020-12-23 18:23:31",,"1000"
"28179","1955","plant","2020-12-23 18:23:31",,"1000"
"28180","1955","plant","2020-12-23 18:23:31",,"1000"
"28181","1955","plant","2020-12-23 18:23:31",,"1000"
"28182","1955","plant","2020-12-23 18:23:31",,"1000"
"28183","1955","plant","2020-12-23 18:23:31",,"1000"
"28184","1955","plant","2020-12-23 18:23:31",,"1000"
"28185","1955","plant","2020-12-23 18:23:31",,"1000"
"28186","1955","plant","2020-12-23 18:23:31",,"1000"
"28187","1955","plant","2020-12-23 18:23:31",,"1000"
"28188","1955","plant","2020-12-23 18:23:31",,"1000"
"28189","1955","plant","2020-12-23 18:23:31",,"1000"
"28190","1955","plant","2020-12-23 18:23:31",,"1000"
"28853","1987","plant","2020-12-24 02:21:00",,"1000"
"28854","1987","plant","2020-12-24 02:21:00",,"1000"
"28855","1987","plant","2020-12-24 02:21:00",,"1000"
"28856","1987","plant","2020-12-24 02:21:00",,"1000"
"28857","1987","plant","2020-12-24 02:21:00",,"1000"
"28858","1987","plant","2020-12-24 02:21:00",,"1000"
"28859","1987","plant","2020-12-24 02:21:00",,"1000"
"28860","1987","plant","2020-12-24 02:21:00",,"1000"
"28861","1987","plant","2020-12-24 02:21:00",,"1000"
"28862","1987","plant","2020-12-24 02:21:00",,"1000"
"28863","1987","plant","2020-12-24 02:21:00",,"1000"
"28864","1987","plant","2020-12-24 02:21:00",,"1000"
"28865","1987","plant","2020-12-24 02:21:00",,"1000"
"28919","1987","plant","2020-12-24 02:21:00",,"1000"
"28920","1987","plant","2020-12-24 02:21:00",,"1000"
"28921","1987","plant","2020-12-24 02:21:00",,"1000"
"28922","1987","plant","2020-12-24 02:21:00",,"1000"
"28923","1987","plant","2020-12-24 02:21:00",,"1000"
"28924","1987","plant","2020-12-24 02:21:00",,"1000"
"28925","1987","plant","2020-12-24 02:21:00",,"1000"
"28926","1987","plant","2020-12-24 02:21:00",,"1000"
"28927","1987","plant","2020-12-24 02:21:00",,"1000"
"28928","1987","plant","2020-12-24 02:21:00",,"1000"
"28929","1987","plant","2020-12-24 02:21:00",,"1000"
"28930","1987","plant","2020-12-24 02:21:00",,"1000"
"28931","1987","plant","2020-12-24 02:21:00",,"1000"
"28987","1987","plant","2020-12-24 02:21:00",,"1000"
"28988","1987","plant","2020-12-24 02:21:00",,"1000"
"28989","1987","plant","2020-12-24 02:21:00",,"1000"
"28990","1987","plant","2020-12-24 02:21:00",,"1000"
"28991","1987","plant","2020-12-24 02:21:00",,"1000"
"28992","1987","plant","2020-12-24 02:21:00",,"1000"
"28993","1987","plant","2020-12-24 02:21:00",,"1000"
"28994","1987","plant","2020-12-24 02:21:00",,"1000"
"28995","1987","plant","2020-12-24 02:21:00",,"1000"
"28996","1987","plant","2020-12-24 02:21:00",,"1000"
"28997","1987","plant","2020-12-24 02:21:00",,"1000"
"28998","1987","plant","2020-12-24 02:21:00",,"1000"
"28999","1987","plant","2020-12-24 02:21:00",,"1000"
"29053","1987","plant","2020-12-24 02:21:00",,"1000"
"29054","1987","plant","2020-12-24 02:21:00",,"1000"
"29055","1987","plant","2020-12-24 02:21:00",,"1000"
"29056","1987","plant","2020-12-24 02:21:00",,"1000"
"29057","1987","plant","2020-12-24 02:21:00",,"1000"
"29058","1987","plant","2020-12-24 02:21:00",,"1000"
"29059","1987","plant","2020-12-24 02:21:00",,"1000"
"29060","1987","plant","2020-12-24 02:21:00",,"1000"
"29061","1987","plant","2020-12-24 02:21:00",,"1000"
"29062","1987","plant","2020-12-24 02:21:00",,"1000"
"29063","1987","plant","2020-12-24 02:21:00",,"1000"
"29064","1987","plant","2020-12-24 02:21:00",,"1000"
"29065","1987","plant","2020-12-24 02:21:00",,"1000"
"29121","1987","plant","2020-12-24 02:21:00",,"1000"
"29122","1987","plant","2020-12-24 02:21:00",,"1000"
"29123","1987","plant","2020-12-24 02:21:00",,"1000"
"29124","1987","plant","2020-12-24 02:21:00",,"1000"
"29125","1987","plant","2020-12-24 02:21:00",,"1000"
"29126","1987","plant","2020-12-24 02:21:00",,"1000"
"29127","1987","plant","2020-12-24 02:21:00",,"1000"
"29128","1987","plant","2020-12-24 02:21:00",,"1000"
"29129","1987","plant","2020-12-24 02:21:00",,"1000"
"29130","1987","plant","2020-12-24 02:21:00",,"1000"
"29131","1987","plant","2020-12-24 02:21:00",,"1000"
"29132","1987","plant","2020-12-24 02:21:00",,"1000"
"29133","1987","plant","2020-12-24 02:21:00",,"1000"
"29187","1987","plant","2020-12-24 02:21:00",,"1000"
"29188","1987","plant","2020-12-24 02:21:00",,"1000"
"29189","1987","plant","2020-12-24 02:21:00",,"1000"
"29190","1987","plant","2020-12-24 02:21:00",,"1000"
"29191","1987","plant","2020-12-24 02:21:00",,"1000"
"29192","1987","plant","2020-12-24 02:21:00",,"1000"
"29193","1987","plant","2020-12-24 02:21:00",,"1000"
"29194","1987","plant","2020-12-24 02:21:00",,"1000"
"29195","1987","plant","2020-12-24 02:21:00",,"1000"
"29196","1987","plant","2020-12-24 02:21:00",,"1000"
"29197","1987","plant","2020-12-24 02:21:00",,"1000"
"29198","1987","plant","2020-12-24 02:21:00",,"1000"
"29199","1987","plant","2020-12-24 02:21:00",,"1000"
"29259","1987","plant","2020-12-24 02:21:00",,"1000"
"29260","1987","plant","2020-12-24 02:21:00",,"1000"
"29261","1987","plant","2020-12-24 02:21:00",,"1000"
"29262","1987","plant","2020-12-24 02:21:00",,"1000"
"29263","1987","plant","2020-12-24 02:21:00",,"1000"
"29264","1987","plant","2020-12-24 02:21:00",,"1000"
"29265","1987","plant","2020-12-24 02:21:00",,"1000"
"29266","1987","plant","2020-12-24 02:21:00",,"1000"
"29267","1987","plant","2020-12-24 02:21:00",,"1000"
"29268","1987","plant","2020-12-24 02:21:00",,"1000"
"29269","1987","plant","2020-12-24 02:21:00",,"1000"
"29270","1987","plant","2020-12-24 02:21:00",,"1000"
"29271","1987","plant","2020-12-24 02:21:00",,"1000"
"29329","1987","plant","2020-12-24 02:21:00",,"1000"
"29330","1987","plant","2020-12-24 02:21:00",,"1000"
"29331","1987","plant","2020-12-24 02:21:00",,"1000"
"29332","1987","plant","2020-12-24 02:21:00",,"1000"
"29333","1987","plant","2020-12-24 02:21:00",,"1000"
"29334","1987","plant","2020-12-24 02:21:00",,"1000"
"29335","1987","plant","2020-12-24 02:21:00",,"1000"
"29336","1987","plant","2020-12-24 02:21:00",,"1000"
"29337","1987","plant","2020-12-24 02:21:00",,"1000"
"29338","1987","plant","2020-12-24 02:21:00",,"1000"
"29339","1987","plant","2020-12-24 02:21:00",,"1000"
"29340","1987","plant","2020-12-24 02:21:00",,"1000"
"29341","1987","plant","2020-12-24 02:21:00",,"1000"
"29400","1987","plant","2020-12-24 02:21:00",,"1000"
"29401","1987","plant","2020-12-24 02:21:00",,"1000"
"29402","1987","plant","2020-12-24 02:21:00",,"1000"
"29403","1987","plant","2020-12-24 02:21:00",,"1000"
"29404","1987","plant","2020-12-24 02:21:00",,"1000"
"29405","1987","plant","2020-12-24 02:21:00",,"1000"
"29406","1987","plant","2020-12-24 02:21:00",,"1000"
"29407","1987","plant","2020-12-24 02:21:00",,"1000"
"29408","1987","plant","2020-12-24 02:21:00",,"1000"
"29409","1987","plant","2020-12-24 02:21:00",,"1000"
"29410","1987","plant","2020-12-24 02:21:00",,"1000"
"29411","1987","plant","2020-12-24 02:21:00",,"1000"
"29412","1987","plant","2020-12-24 02:21:00",,"1000"
"29469","1987","plant","2020-12-24 02:21:00",,"1000"
"29470","1987","plant","2020-12-24 02:21:00",,"1000"
"29471","1987","plant","2020-12-24 02:21:00",,"1000"
"29472","1987","plant","2020-12-24 02:21:00",,"1000"
"29473","1987","plant","2020-12-24 02:21:00",,"1000"
"29474","1987","plant","2020-12-24 02:21:00",,"1000"
"29475","1987","plant","2020-12-24 02:21:00",,"1000"
"29476","1987","plant","2020-12-24 02:21:00",,"1000"
"29477","1987","plant","2020-12-24 02:21:00",,"1000"
"29478","1987","plant","2020-12-24 02:21:00",,"1000"
"29479","1987","plant","2020-12-24 02:21:00",,"1000"
"29480","1987","plant","2020-12-24 02:21:00",,"1000"
"29481","1987","plant","2020-12-24 02:21:00",,"1000"
"29543","1987","plant","2020-12-24 02:21:00",,"1000"
"29544","1987","plant","2020-12-24 02:21:00",,"1000"
"29545","1987","plant","2020-12-24 02:21:00",,"1000"
"29546","1987","plant","2020-12-24 02:21:00",,"1000"
"29547","1987","plant","2020-12-24 02:21:00",,"1000"
"29548","1987","plant","2020-12-24 02:21:00",,"1000"
"29549","1987","plant","2020-12-24 02:21:00",,"1000"
"29550","1987","plant","2020-12-24 02:21:00",,"1000"
"29551","1987","plant","2020-12-24 02:21:00",,"1000"
"29552","1987","plant","2020-12-24 02:21:00",,"1000"
"29553","1987","plant","2020-12-24 02:21:00",,"1000"
"29554","1987","plant","2020-12-24 02:21:00",,"1000"
"29555","1987","plant","2020-12-24 02:21:00",,"1000"
"29618","1987","plant","2020-12-24 02:21:00",,"1000"
"29619","1987","plant","2020-12-24 02:21:00",,"1000"
"29620","1987","plant","2020-12-24 02:21:00",,"1000"
"29621","1987","plant","2020-12-24 02:21:00",,"1000"
"29622","1987","plant","2020-12-24 02:21:00",,"1000"
"29623","1987","plant","2020-12-24 02:21:00",,"1000"
"29624","1987","plant","2020-12-24 02:21:00",,"1000"
"29625","1987","plant","2020-12-24 02:21:00",,"1000"
"29626","1987","plant","2020-12-24 02:21:00",,"1000"
"29627","1987","plant","2020-12-24 02:21:00",,"1000"
"29628","1987","plant","2020-12-24 02:21:00",,"1000"
"29629","1987","plant","2020-12-24 02:21:00",,"1000"
"29630","1987","plant","2020-12-24 02:21:00",,"1000"
"29688","1987","plant","2020-12-24 02:21:00",,"1000"
"29689","1987","plant","2020-12-24 02:21:00",,"1000"
"29690","1987","plant","2020-12-24 02:21:00",,"1000"
"29691","1987","plant","2020-12-24 02:21:00",,"1000"
"29692","1987","plant","2020-12-24 02:21:00",,"1000"
"29693","1987","plant","2020-12-24 02:21:00",,"1000"
"29694","1987","plant","2020-12-24 02:21:00",,"1000"
"29695","1987","plant","2020-12-24 02:21:00",,"1000"
"29696","1987","plant","2020-12-24 02:21:00",,"1000"
"29697","1987","plant","2020-12-24 02:21:00",,"1000"
"29698","1987","plant","2020-12-24 02:21:00",,"1000"
"29699","1987","plant","2020-12-24 02:21:00",,"1000"
"29700","1987","plant","2020-12-24 02:21:00",,"1000"
"30678","1997","plant","2020-12-24 04:15:05",,"1000"
"30679","1997","plant","2020-12-24 04:15:05",,"1000"
"30680","1997","plant","2020-12-24 04:15:05",,"1000"
"30681","1997","plant","2020-12-24 04:15:05",,"1000"
"30682","1997","plant","2020-12-24 04:15:05",,"1000"
"30683","1997","plant","2020-12-24 04:15:05",,"1000"
"30684","1997","plant","2020-12-24 04:15:05",,"1000"
"30685","1997","plant","2020-12-24 04:15:05",,"1000"
"30686","1997","plant","2020-12-24 04:15:05",,"1000"
"30687","1997","plant","2020-12-24 04:15:05",,"1000"
"30688","1997","plant","2020-12-24 04:15:05",,"1000"
"30689","1997","plant","2020-12-24 04:15:05",,"1000"
"30690","1997","plant","2020-12-24 04:15:05",,"1000"
"30744","1997","plant","2020-12-24 04:15:05",,"1000"
"30745","1997","plant","2020-12-24 04:15:05",,"1000"
"30746","1997","plant","2020-12-24 04:15:05",,"1000"
"30747","1997","plant","2020-12-24 04:15:05",,"1000"
"30748","1997","plant","2020-12-24 04:15:05",,"1000"
"30749","1997","plant","2020-12-24 04:15:05",,"1000"
"30750","1997","plant","2020-12-24 04:15:05",,"1000"
"30751","1997","plant","2020-12-24 04:15:05",,"1000"
"30752","1997","plant","2020-12-24 04:15:05",,"1000"
"30753","1997","plant","2020-12-24 04:15:05",,"1000"
"30754","1997","plant","2020-12-24 04:15:05",,"1000"
"30755","1997","plant","2020-12-24 04:15:05",,"1000"
"30756","1997","plant","2020-12-24 04:15:05",,"1000"
"30812","1997","plant","2020-12-24 04:15:05",,"1000"
"30813","1997","plant","2020-12-24 04:15:05",,"1000"
"30814","1997","plant","2020-12-24 04:15:05",,"1000"
"30815","1997","plant","2020-12-24 04:15:05",,"1000"
"30816","1997","plant","2020-12-24 04:15:05",,"1000"
"30817","1997","plant","2020-12-24 04:15:05",,"1000"
"30818","1997","plant","2020-12-24 04:15:05",,"1000"
"30819","1997","plant","2020-12-24 04:15:05",,"1000"
"30820","1997","plant","2020-12-24 04:15:05",,"1000"
"30821","1997","plant","2020-12-24 04:15:05",,"1000"
"30822","1997","plant","2020-12-24 04:15:05",,"1000"
"30823","1997","plant","2020-12-24 04:15:05",,"1000"
"30824","1997","plant","2020-12-24 04:15:05",,"1000"
"30878","1997","plant","2020-12-24 04:15:05",,"1000"
"30879","1997","plant","2020-12-24 04:15:05",,"1000"
"30880","1997","plant","2020-12-24 04:15:05",,"1000"
"30881","1997","plant","2020-12-24 04:15:05",,"1000"
"30882","1997","plant","2020-12-24 04:15:05",,"1000"
"30883","1997","plant","2020-12-24 04:15:05",,"1000"
"30884","1997","plant","2020-12-24 04:15:05",,"1000"
"30885","1997","plant","2020-12-24 04:15:05",,"1000"
"30886","1997","plant","2020-12-24 04:15:05",,"1000"
"30887","1997","plant","2020-12-24 04:15:05",,"1000"
"30888","1997","plant","2020-12-24 04:15:05",,"1000"
"30889","1997","plant","2020-12-24 04:15:05",,"1000"
"30890","1997","plant","2020-12-24 04:15:05",,"1000"
"30946","1997","plant","2020-12-24 04:15:05",,"1000"
"30947","1997","plant","2020-12-24 04:15:05",,"1000"
"30948","1997","plant","2020-12-24 04:15:05",,"1000"
"30949","1997","plant","2020-12-24 04:15:05",,"1000"
"30950","1997","plant","2020-12-24 04:15:05",,"1000"
"30951","1997","plant","2020-12-24 04:15:05",,"1000"
"30952","1997","plant","2020-12-24 04:15:05",,"1000"
"30953","1997","plant","2020-12-24 04:15:05",,"1000"
"30954","1997","plant","2020-12-24 04:15:05",,"1000"
"30955","1997","plant","2020-12-24 04:15:05",,"1000"
"30956","1997","plant","2020-12-24 04:15:05",,"1000"
"30957","1997","plant","2020-12-24 04:15:05",,"1000"
"30958","1997","plant","2020-12-24 04:15:05",,"1000"
"31012","1997","plant","2020-12-24 04:15:05",,"1000"
"31013","1997","plant","2020-12-24 04:15:05",,"1000"
"31014","1997","plant","2020-12-24 04:15:05",,"1000"
"31015","1997","plant","2020-12-24 04:15:05",,"1000"
"31016","1997","plant","2020-12-24 04:15:05",,"1000"
"31017","1997","plant","2020-12-24 04:15:05",,"1000"
"31018","1997","plant","2020-12-24 04:15:05",,"1000"
"31019","1997","plant","2020-12-24 04:15:05",,"1000"
"31020","1997","plant","2020-12-24 04:15:05",,"1000"
"31021","1997","plant","2020-12-24 04:15:05",,"1000"
"31022","1997","plant","2020-12-24 04:15:05",,"1000"
"31023","1997","plant","2020-12-24 04:15:05",,"1000"
"31024","1997","plant","2020-12-24 04:15:05",,"1000"
"31084","1997","plant","2020-12-24 04:15:05",,"1000"
"31085","1997","plant","2020-12-24 04:15:05",,"1000"
"31086","1997","plant","2020-12-24 04:15:05",,"1000"
"31087","1997","plant","2020-12-24 04:15:05",,"1000"
"31088","1997","plant","2020-12-24 04:15:05",,"1000"
"31089","1997","plant","2020-12-24 04:15:05",,"1000"
"31090","1997","plant","2020-12-24 04:15:05",,"1000"
"31091","1997","plant","2020-12-24 04:15:05",,"1000"
"31092","1997","plant","2020-12-24 04:15:05",,"1000"
"31093","1997","plant","2020-12-24 04:15:05",,"1000"
"31094","1997","plant","2020-12-24 04:15:05",,"1000"
"31095","1997","plant","2020-12-24 04:15:05",,"1000"
"31096","1997","plant","2020-12-24 04:15:05",,"1000"
"31154","1997","plant","2020-12-24 04:15:05",,"1000"
"31155","1997","plant","2020-12-24 04:15:05",,"1000"
"31156","1997","plant","2020-12-24 04:15:05",,"1000"
"31157","1997","plant","2020-12-24 04:15:05",,"1000"
"31158","1997","plant","2020-12-24 04:15:05",,"1000"
"31159","1997","plant","2020-12-24 04:15:05",,"1000"
"31160","1997","plant","2020-12-24 04:15:05",,"1000"
"31161","1997","plant","2020-12-24 04:15:05",,"1000"
"31162","1997","plant","2020-12-24 04:15:05",,"1000"
"31163","1997","plant","2020-12-24 04:15:05",,"1000"
"31164","1997","plant","2020-12-24 04:15:05",,"1000"
"31165","1997","plant","2020-12-24 04:15:05",,"1000"
"31166","1997","plant","2020-12-24 04:15:05",,"1000"
"31225","1997","plant","2020-12-24 04:15:05",,"1000"
"31226","1997","plant","2020-12-24 04:15:05",,"1000"
"31227","1997","plant","2020-12-24 04:15:05",,"1000"
"31228","1997","plant","2020-12-24 04:15:05",,"1000"
"31229","1997","plant","2020-12-24 04:15:05",,"1000"
"31230","1997","plant","2020-12-24 04:15:05",,"1000"
"31231","1997","plant","2020-12-24 04:15:05",,"1000"
"31232","1997","plant","2020-12-24 04:15:05",,"1000"
"31233","1997","plant","2020-12-24 04:15:05",,"1000"
"31234","1997","plant","2020-12-24 04:15:05",,"1000"
"31235","1997","plant","2020-12-24 04:15:05",,"1000"
"31236","1997","plant","2020-12-24 04:15:05",,"1000"
"31237","1997","plant","2020-12-24 04:15:05",,"1000"
"31294","1997","plant","2020-12-24 04:15:05",,"1000"
"31295","1997","plant","2020-12-24 04:15:05",,"1000"
"31296","1997","plant","2020-12-24 04:15:05",,"1000"
"31297","1997","plant","2020-12-24 04:15:05",,"1000"
"31298","1997","plant","2020-12-24 04:15:05",,"1000"
"31299","1997","plant","2020-12-24 04:15:05",,"1000"
"31300","1997","plant","2020-12-24 04:15:05",,"1000"
"31301","1997","plant","2020-12-24 04:15:05",,"1000"
"31302","1997","plant","2020-12-24 04:15:05",,"1000"
"31303","1997","plant","2020-12-24 04:15:05",,"1000"
"31304","1997","plant","2020-12-24 04:15:05",,"1000"
"31305","1997","plant","2020-12-24 04:15:05",,"1000"
"31306","1997","plant","2020-12-24 04:15:05",,"1000"
"31368","1997","plant","2020-12-24 04:15:05",,"1000"
"31369","1997","plant","2020-12-24 04:15:05",,"1000"
"31370","1997","plant","2020-12-24 04:15:05",,"1000"
"31371","1997","plant","2020-12-24 04:15:05",,"1000"
"31372","1997","plant","2020-12-24 04:15:05",,"1000"
"31373","1997","plant","2020-12-24 04:15:05",,"1000"
"31374","1997","plant","2020-12-24 04:15:05",,"1000"
"31375","1997","plant","2020-12-24 04:15:05",,"1000"
"31376","1997","plant","2020-12-24 04:15:05",,"1000"
"31377","1997","plant","2020-12-24 04:15:05",,"1000"
"31378","1997","plant","2020-12-24 04:15:05",,"1000"
"31379","1997","plant","2020-12-24 04:15:05",,"1000"
"31380","1997","plant","2020-12-24 04:15:05",,"1000"
"31443","1997","plant","2020-12-24 04:15:05",,"1000"
"31444","1997","plant","2020-12-24 04:15:05",,"1000"
"31445","1997","plant","2020-12-24 04:15:05",,"1000"
"31446","1997","plant","2020-12-24 04:15:05",,"1000"
"31447","1997","plant","2020-12-24 04:15:05",,"1000"
"31448","1997","plant","2020-12-24 04:15:05",,"1000"
"31449","1997","plant","2020-12-24 04:15:05",,"1000"
"31450","1997","plant","2020-12-24 04:15:05",,"1000"
"31451","1997","plant","2020-12-24 04:15:05",,"1000"
"31452","1997","plant","2020-12-24 04:15:05",,"1000"
"31453","1997","plant","2020-12-24 04:15:05",,"1000"
"31454","1997","plant","2020-12-24 04:15:05",,"1000"
